,Author,Repository,Date,Added,Deleted,Commits
3839,Vichu-31101,Bee-bots-3.0,2020-10-04,0,0,1
3852,AkshayaCSubramanian,Bee-bots-3.0,2020-10-04,9,0,1
3878,varshinisn,UHUGV,2020-10-04,0,0,1
3887,jaxxstar,UHUGV,2020-10-04,2061,11,4
3893,arunesh006,OTA_Programming_Module,2020-10-04,179,37,2
3896,adityasingh3007,OTA_Programming_Module,2020-10-04,1020,297,5
3917,AdithyaK243,Video-Denoising-Without-Flow-Estimation,2020-10-04,3954,0,2
3920,Syzygianinfern0,Video-Denoising-Without-Flow-Estimation,2020-10-04,271,0,1
3923,SiddharthRaoA,Video-Denoising-Without-Flow-Estimation,2020-10-04,29,0,1
